{"cameraMode":{"drawMode":0,"name":"Shaded","section":"Shading Mode"},"sceneLighting":true,"audioPlay":false,"sceneViewState":{"showFog":true,"showMaterialUpdate":false,"showSkybox":true,"showFlares":true,"showImageEffects":true,"showParticleSystems":true},"in2DMode":false,"pivot":{"x":-21.63421630859375,"y":-65.12922668457031,"z":31.162349700927736},"rotation":{"x":-0.444444864988327,"y":0.029022661969065667,"z":-0.01440863125026226,"w":-0.8952199816703796},"size":170.45108032226563,"orthographic":false}