{"cameraMode":{"drawMode":0,"name":"Shaded","section":"Shading Mode"},"sceneLighting":true,"audioPlay":false,"sceneViewState":{"showFog":true,"showMaterialUpdate":false,"showSkybox":true,"showFlares":true,"showImageEffects":true,"showParticleSystems":true},"in2DMode":false,"pivot":{"x":0.3372354507446289,"y":1.7012791633605958,"z":-3.0120983123779299},"rotation":{"x":0.1464303880929947,"y":-0.2607811689376831,"z":0.040053170174360278,"w":0.9533872008323669},"size":19.306434631347658,"orthographic":false}