{"cameraMode":{"drawMode":0,"name":"Shaded","section":"Shading Mode"},"sceneLighting":false,"audioPlay":false,"sceneViewState":{"showFog":true,"showMaterialUpdate":false,"showSkybox":true,"showFlares":true,"showImageEffects":true,"showParticleSystems":true},"in2DMode":false,"pivot":{"x":1835.5689697265625,"y":469.31329345703127,"z":-862.306884765625},"rotation":{"x":0.018486537039279939,"y":-0.44885221123695376,"z":-0.00928809680044651,"w":-0.8933665752410889},"size":3743.40087890625,"orthographic":false}